image_path,true_class_idx,true_class_name,top1_pred_idx,top1_pred_name,top1_confidence,conformal_set_idx,conformal_set_names,set_size,is_singleton,true_label_covered,top1_correct
data/raw/OTU_2d/images/384.JPG,3,Theca cell tumour,3,Theca cell tumour,0.49690040946006775,"[1, 3, 4, 6, 7]","['Serous cystadenoma', 'Theca cell tumour', 'Clear cell carcinoma', 'Simple cyst', 'Normal ovary']",5,False,True,True
data/raw/OTU_2d/images/730.JPG,1,Serous cystadenoma,1,Serous cystadenoma,0.9638932943344116,"[1, 7]","['Serous cystadenoma', 'Normal ovary']",2,False,True,True
data/raw/OTU_2d/images/1426.JPG,7,Normal ovary,0,Chocolate cyst,0.8785133957862854,"[0, 1, 4, 5, 6, 7]","['Chocolate cyst', 'Serous cystadenoma', 'Clear cell carcinoma', 'Dermoid cyst', 'Simple cyst', 'Normal ovary']",6,False,True,False
data/raw/OTU_2d/images/1138.JPG,0,Chocolate cyst,0,Chocolate cyst,0.5688769817352295,"[0, 1, 3, 4, 6, 7]","['Chocolate cyst', 'Serous cystadenoma', 'Theca cell tumour', 'Clear cell carcinoma', 'Simple cyst', 'Normal ovary']",6,False,True,True
data/raw/OTU_2d/images/875.JPG,1,Serous cystadenoma,1,Serous cystadenoma,0.2837908864021301,"[0, 1, 3, 4, 6, 7]","['Chocolate cyst', 'Serous cystadenoma', 'Theca cell tumour', 'Clear cell carcinoma', 'Simple cyst', 'Normal ovary']",6,False,True,True
data/raw/OTU_2d/images/270.JPG,5,Dermoid cyst,5,Dermoid cyst,0.8632071018218994,"[2, 3, 4, 5, 7]","['Teratoma', 'Theca cell tumour', 'Clear cell carcinoma', 'Dermoid cyst', 'Normal ovary']",5,False,True,True
data/raw/OTU_2d/images/1391.JPG,2,Teratoma,0,Chocolate cyst,0.719367265701294,"[0, 2, 3, 4, 6, 7]","['Chocolate cyst', 'Teratoma', 'Theca cell tumour', 'Clear cell carcinoma', 'Simple cyst', 'Normal ovary']",6,False,True,False
data/raw/OTU_2d/images/81.JPG,0,Chocolate cyst,0,Chocolate cyst,0.8806688189506531,"[0, 3, 4, 6, 7]","['Chocolate cyst', 'Theca cell tumour', 'Clear cell carcinoma', 'Simple cyst', 'Normal ovary']",5,False,True,True
data/raw/OTU_2d/images/471.JPG,0,Chocolate cyst,0,Chocolate cyst,0.7538653612136841,"[0, 1, 2, 4, 5, 6, 7]","['Chocolate cyst', 'Serous cystadenoma', 'Teratoma', 'Clear cell carcinoma', 'Dermoid cyst', 'Simple cyst', 'Normal ovary']",7,False,True,True
data/raw/OTU_2d/images/156.JPG,5,Dermoid cyst,3,Theca cell tumour,0.4163101613521576,"[3, 4, 5, 6, 7]","['Theca cell tumour', 'Clear cell carcinoma', 'Dermoid cyst', 'Simple cyst', 'Normal ovary']",5,False,True,False
data/raw/OTU_2d/images/117.JPG,1,Serous cystadenoma,6,Simple cyst,0.7666410803794861,"[1, 4, 5, 6, 7]","['Serous cystadenoma', 'Clear cell carcinoma', 'Dermoid cyst', 'Simple cyst', 'Normal ovary']",5,False,True,False
data/raw/OTU_2d/images/485.JPG,2,Teratoma,2,Teratoma,0.5515189170837402,"[1, 2, 3, 4, 5, 6, 7]","['Serous cystadenoma', 'Teratoma', 'Theca cell tumour', 'Clear cell carcinoma', 'Dermoid cyst', 'Simple cyst', 'Normal ovary']",7,False,True,True
data/raw/OTU_2d/images/824.JPG,0,Chocolate cyst,0,Chocolate cyst,0.5872050523757935,"[0, 1, 3, 4, 5, 6, 7]","['Chocolate cyst', 'Serous cystadenoma', 'Theca cell tumour', 'Clear cell carcinoma', 'Dermoid cyst', 'Simple cyst', 'Normal ovary']",7,False,True,True
data/raw/OTU_2d/images/1450.JPG,7,Normal ovary,7,Normal ovary,0.9836276769638062,"[3, 7]","['Theca cell tumour', 'Normal ovary']",2,False,True,True
data/raw/OTU_2d/images/785.JPG,4,Clear cell carcinoma,4,Clear cell carcinoma,0.889616847038269,"[3, 4, 6, 7]","['Theca cell tumour', 'Clear cell carcinoma', 'Simple cyst', 'Normal ovary']",4,False,True,True
data/raw/OTU_2d/images/659.JPG,5,Dermoid cyst,5,Dermoid cyst,0.9473632574081421,"[3, 4, 5, 6, 7]","['Theca cell tumour', 'Clear cell carcinoma', 'Dermoid cyst', 'Simple cyst', 'Normal ovary']",5,False,True,True
data/raw/OTU_2d/images/750.JPG,6,Simple cyst,0,Chocolate cyst,0.9802830219268799,"[0, 4]","['Chocolate cyst', 'Clear cell carcinoma']",2,False,False,False
data/raw/OTU_2d/images/888.JPG,5,Dermoid cyst,1,Serous cystadenoma,0.8003260493278503,"[1, 3, 4, 5, 6, 7]","['Serous cystadenoma', 'Theca cell tumour', 'Clear cell carcinoma', 'Dermoid cyst', 'Simple cyst', 'Normal ovary']",6,False,True,False
data/raw/OTU_2d/images/247.JPG,5,Dermoid cyst,5,Dermoid cyst,0.8237756490707397,"[0, 1, 2, 3, 4, 5, 7]","['Chocolate cyst', 'Serous cystadenoma', 'Teratoma', 'Theca cell tumour', 'Clear cell carcinoma', 'Dermoid cyst', 'Normal ovary']",7,False,True,True
data/raw/OTU_2d/images/500.JPG,4,Clear cell carcinoma,4,Clear cell carcinoma,0.9997566342353821,[4],['Clear cell carcinoma'],1,True,True,True
data/raw/OTU_2d/images/342.JPG,1,Serous cystadenoma,1,Serous cystadenoma,0.34351736307144165,"[1, 2, 3, 4, 5, 7]","['Serous cystadenoma', 'Teratoma', 'Theca cell tumour', 'Clear cell carcinoma', 'Dermoid cyst', 'Normal ovary']",6,False,True,True
data/raw/OTU_2d/images/622.JPG,3,Theca cell tumour,1,Serous cystadenoma,0.7980003952980042,"[1, 3]","['Serous cystadenoma', 'Theca cell tumour']",2,False,True,False
data/raw/OTU_2d/images/411.JPG,4,Clear cell carcinoma,1,Serous cystadenoma,0.6124348044395447,"[0, 1, 2, 3, 4, 6, 7]","['Chocolate cyst', 'Serous cystadenoma', 'Teratoma', 'Theca cell tumour', 'Clear cell carcinoma', 'Simple cyst', 'Normal ovary']",7,False,True,False
data/raw/OTU_2d/images/641.JPG,0,Chocolate cyst,0,Chocolate cyst,0.8830059766769409,"[0, 3, 4, 6]","['Chocolate cyst', 'Theca cell tumour', 'Clear cell carcinoma', 'Simple cyst']",4,False,True,True
data/raw/OTU_2d/images/324.JPG,1,Serous cystadenoma,1,Serous cystadenoma,0.46639591455459595,"[1, 3, 4, 6, 7]","['Serous cystadenoma', 'Theca cell tumour', 'Clear cell carcinoma', 'Simple cyst', 'Normal ovary']",5,False,True,True
data/raw/OTU_2d/images/1110.JPG,5,Dermoid cyst,5,Dermoid cyst,0.8690060377120972,"[3, 4, 5, 6, 7]","['Theca cell tumour', 'Clear cell carcinoma', 'Dermoid cyst', 'Simple cyst', 'Normal ovary']",5,False,True,True
data/raw/OTU_2d/images/1219.JPG,4,Clear cell carcinoma,4,Clear cell carcinoma,0.6075010895729065,"[1, 2, 3, 4, 6, 7]","['Serous cystadenoma', 'Teratoma', 'Theca cell tumour', 'Clear cell carcinoma', 'Simple cyst', 'Normal ovary']",6,False,True,True
data/raw/OTU_2d/images/1098.JPG,0,Chocolate cyst,5,Dermoid cyst,0.3432622253894806,"[0, 1, 3, 4, 5, 6, 7]","['Chocolate cyst', 'Serous cystadenoma', 'Theca cell tumour', 'Clear cell carcinoma', 'Dermoid cyst', 'Simple cyst', 'Normal ovary']",7,False,True,False
data/raw/OTU_2d/images/1353.JPG,1,Serous cystadenoma,1,Serous cystadenoma,0.7470827102661133,"[1, 2, 3, 4, 6, 7]","['Serous cystadenoma', 'Teratoma', 'Theca cell tumour', 'Clear cell carcinoma', 'Simple cyst', 'Normal ovary']",6,False,True,True
data/raw/OTU_2d/images/820.JPG,0,Chocolate cyst,0,Chocolate cyst,0.5302667021751404,"[0, 3, 4, 6, 7]","['Chocolate cyst', 'Theca cell tumour', 'Clear cell carcinoma', 'Simple cyst', 'Normal ovary']",5,False,True,True
data/raw/OTU_2d/images/830.JPG,6,Simple cyst,6,Simple cyst,0.9879590272903442,"[3, 4, 6]","['Theca cell tumour', 'Clear cell carcinoma', 'Simple cyst']",3,False,True,True
data/raw/OTU_2d/images/1233.JPG,1,Serous cystadenoma,1,Serous cystadenoma,0.8036701679229736,"[1, 2, 6, 7]","['Serous cystadenoma', 'Teratoma', 'Simple cyst', 'Normal ovary']",4,False,True,True
data/raw/OTU_2d/images/127.JPG,5,Dermoid cyst,5,Dermoid cyst,0.6490458250045776,"[1, 2, 3, 4, 5, 7]","['Serous cystadenoma', 'Teratoma', 'Theca cell tumour', 'Clear cell carcinoma', 'Dermoid cyst', 'Normal ovary']",6,False,True,True
data/raw/OTU_2d/images/571.JPG,1,Serous cystadenoma,1,Serous cystadenoma,0.675493061542511,"[1, 3, 4, 7]","['Serous cystadenoma', 'Theca cell tumour', 'Clear cell carcinoma', 'Normal ovary']",4,False,True,True
data/raw/OTU_2d/images/848.JPG,1,Serous cystadenoma,1,Serous cystadenoma,0.7423093914985657,"[1, 2, 3, 4, 6, 7]","['Serous cystadenoma', 'Teratoma', 'Theca cell tumour', 'Clear cell carcinoma', 'Simple cyst', 'Normal ovary']",6,False,True,True
data/raw/OTU_2d/images/1160.JPG,0,Chocolate cyst,7,Normal ovary,0.9362618923187256,"[3, 4, 5, 6, 7]","['Theca cell tumour', 'Clear cell carcinoma', 'Dermoid cyst', 'Simple cyst', 'Normal ovary']",5,False,False,False
data/raw/OTU_2d/images/1057.JPG,2,Teratoma,2,Teratoma,0.9098925590515137,"[1, 2, 3, 4, 7]","['Serous cystadenoma', 'Teratoma', 'Theca cell tumour', 'Clear cell carcinoma', 'Normal ovary']",5,False,True,True
data/raw/OTU_2d/images/92.JPG,1,Serous cystadenoma,1,Serous cystadenoma,0.8901695609092712,"[1, 3, 4, 6, 7]","['Serous cystadenoma', 'Theca cell tumour', 'Clear cell carcinoma', 'Simple cyst', 'Normal ovary']",5,False,True,True
data/raw/OTU_2d/images/1159.JPG,2,Teratoma,1,Serous cystadenoma,0.3199750781059265,"[1, 2, 3, 4, 6, 7]","['Serous cystadenoma', 'Teratoma', 'Theca cell tumour', 'Clear cell carcinoma', 'Simple cyst', 'Normal ovary']",6,False,True,False
data/raw/OTU_2d/images/1041.JPG,1,Serous cystadenoma,4,Clear cell carcinoma,0.8944945931434631,"[3, 4, 7]","['Theca cell tumour', 'Clear cell carcinoma', 'Normal ovary']",3,False,False,False
data/raw/OTU_2d/images/1101.JPG,0,Chocolate cyst,0,Chocolate cyst,0.45566844940185547,"[0, 1, 2, 3, 4, 5, 7]","['Chocolate cyst', 'Serous cystadenoma', 'Teratoma', 'Theca cell tumour', 'Clear cell carcinoma', 'Dermoid cyst', 'Normal ovary']",7,False,True,True
data/raw/OTU_2d/images/428.JPG,3,Theca cell tumour,3,Theca cell tumour,0.5136131048202515,"[1, 2, 3, 4, 6]","['Serous cystadenoma', 'Teratoma', 'Theca cell tumour', 'Clear cell carcinoma', 'Simple cyst']",5,False,True,True
data/raw/OTU_2d/images/208.JPG,0,Chocolate cyst,0,Chocolate cyst,0.49602022767066956,"[0, 2, 3, 4, 5, 6, 7]","['Chocolate cyst', 'Teratoma', 'Theca cell tumour', 'Clear cell carcinoma', 'Dermoid cyst', 'Simple cyst', 'Normal ovary']",7,False,True,True
data/raw/OTU_2d/images/1327.JPG,0,Chocolate cyst,6,Simple cyst,0.3061860203742981,"[0, 1, 2, 3, 4, 6, 7]","['Chocolate cyst', 'Serous cystadenoma', 'Teratoma', 'Theca cell tumour', 'Clear cell carcinoma', 'Simple cyst', 'Normal ovary']",7,False,True,False
data/raw/OTU_2d/images/1296.JPG,0,Chocolate cyst,0,Chocolate cyst,0.868861198425293,"[0, 2, 3, 4, 5, 6, 7]","['Chocolate cyst', 'Teratoma', 'Theca cell tumour', 'Clear cell carcinoma', 'Dermoid cyst', 'Simple cyst', 'Normal ovary']",7,False,True,True
data/raw/OTU_2d/images/612.JPG,1,Serous cystadenoma,1,Serous cystadenoma,0.9185087084770203,"[1, 3, 4, 6, 7]","['Serous cystadenoma', 'Theca cell tumour', 'Clear cell carcinoma', 'Simple cyst', 'Normal ovary']",5,False,True,True
data/raw/OTU_2d/images/1125.JPG,1,Serous cystadenoma,1,Serous cystadenoma,0.8467269539833069,"[1, 3, 4, 7]","['Serous cystadenoma', 'Theca cell tumour', 'Clear cell carcinoma', 'Normal ovary']",4,False,True,True
data/raw/OTU_2d/images/1118.JPG,1,Serous cystadenoma,1,Serous cystadenoma,0.8578228950500488,"[1, 3, 4, 6, 7]","['Serous cystadenoma', 'Theca cell tumour', 'Clear cell carcinoma', 'Simple cyst', 'Normal ovary']",5,False,True,True
data/raw/OTU_2d/images/1259.JPG,2,Teratoma,2,Teratoma,0.9887657761573792,"[2, 3, 6]","['Teratoma', 'Theca cell tumour', 'Simple cyst']",3,False,True,True
data/raw/OTU_2d/images/1400.JPG,2,Teratoma,5,Dermoid cyst,0.8509789705276489,"[3, 4, 5, 7]","['Theca cell tumour', 'Clear cell carcinoma', 'Dermoid cyst', 'Normal ovary']",4,False,False,False
data/raw/OTU_2d/images/596.JPG,1,Serous cystadenoma,1,Serous cystadenoma,0.4845951199531555,"[1, 3, 4, 5, 7]","['Serous cystadenoma', 'Theca cell tumour', 'Clear cell carcinoma', 'Dermoid cyst', 'Normal ovary']",5,False,True,True
data/raw/OTU_2d/images/902.JPG,0,Chocolate cyst,0,Chocolate cyst,0.9042784571647644,"[0, 3, 4, 6, 7]","['Chocolate cyst', 'Theca cell tumour', 'Clear cell carcinoma', 'Simple cyst', 'Normal ovary']",5,False,True,True
data/raw/OTU_2d/images/915.JPG,6,Simple cyst,2,Teratoma,0.49122655391693115,"[2, 3, 4, 5, 6, 7]","['Teratoma', 'Theca cell tumour', 'Clear cell carcinoma', 'Dermoid cyst', 'Simple cyst', 'Normal ovary']",6,False,True,False
data/raw/OTU_2d/images/321.JPG,1,Serous cystadenoma,1,Serous cystadenoma,0.8519043326377869,"[1, 4, 6, 7]","['Serous cystadenoma', 'Clear cell carcinoma', 'Simple cyst', 'Normal ovary']",4,False,True,True
data/raw/OTU_2d/images/1084.JPG,2,Teratoma,2,Teratoma,0.3443010747432709,"[0, 2, 3, 4, 6, 7]","['Chocolate cyst', 'Teratoma', 'Theca cell tumour', 'Clear cell carcinoma', 'Simple cyst', 'Normal ovary']",6,False,True,True
data/raw/OTU_2d/images/801.JPG,0,Chocolate cyst,3,Theca cell tumour,0.6858843564987183,"[1, 3]","['Serous cystadenoma', 'Theca cell tumour']",2,False,False,False
data/raw/OTU_2d/images/757.JPG,1,Serous cystadenoma,1,Serous cystadenoma,0.99408358335495,[1],['Serous cystadenoma'],1,True,True,True
data/raw/OTU_2d/images/451.JPG,0,Chocolate cyst,0,Chocolate cyst,0.8646438717842102,"[0, 2, 3, 4, 7]","['Chocolate cyst', 'Teratoma', 'Theca cell tumour', 'Clear cell carcinoma', 'Normal ovary']",5,False,True,True
data/raw/OTU_2d/images/1265.JPG,0,Chocolate cyst,0,Chocolate cyst,0.6686566472053528,"[0, 1, 3, 4, 6, 7]","['Chocolate cyst', 'Serous cystadenoma', 'Theca cell tumour', 'Clear cell carcinoma', 'Simple cyst', 'Normal ovary']",6,False,True,True
data/raw/OTU_2d/images/628.JPG,3,Theca cell tumour,1,Serous cystadenoma,0.5031914710998535,"[1, 3, 4, 6, 7]","['Serous cystadenoma', 'Theca cell tumour', 'Clear cell carcinoma', 'Simple cyst', 'Normal ovary']",5,False,True,False
data/raw/OTU_2d/images/533.JPG,2,Teratoma,2,Teratoma,0.5003789067268372,"[2, 3, 4, 5, 6, 7]","['Teratoma', 'Theca cell tumour', 'Clear cell carcinoma', 'Dermoid cyst', 'Simple cyst', 'Normal ovary']",6,False,True,True
data/raw/OTU_2d/images/765.JPG,2,Teratoma,2,Teratoma,0.7480352520942688,"[1, 2, 3, 4, 5, 6, 7]","['Serous cystadenoma', 'Teratoma', 'Theca cell tumour', 'Clear cell carcinoma', 'Dermoid cyst', 'Simple cyst', 'Normal ovary']",7,False,True,True
data/raw/OTU_2d/images/1210.JPG,0,Chocolate cyst,0,Chocolate cyst,0.8896360397338867,"[0, 3, 4, 6, 7]","['Chocolate cyst', 'Theca cell tumour', 'Clear cell carcinoma', 'Simple cyst', 'Normal ovary']",5,False,True,True
data/raw/OTU_2d/images/1237.JPG,4,Clear cell carcinoma,4,Clear cell carcinoma,0.34968164563179016,"[1, 2, 3, 4, 6, 7]","['Serous cystadenoma', 'Teratoma', 'Theca cell tumour', 'Clear cell carcinoma', 'Simple cyst', 'Normal ovary']",6,False,True,True
data/raw/OTU_2d/images/153.JPG,3,Theca cell tumour,1,Serous cystadenoma,0.8300105929374695,"[1, 3, 4, 6, 7]","['Serous cystadenoma', 'Theca cell tumour', 'Clear cell carcinoma', 'Simple cyst', 'Normal ovary']",5,False,True,False
data/raw/OTU_2d/images/963.JPG,5,Dermoid cyst,7,Normal ovary,0.5224605798721313,"[1, 3, 4, 5, 6, 7]","['Serous cystadenoma', 'Theca cell tumour', 'Clear cell carcinoma', 'Dermoid cyst', 'Simple cyst', 'Normal ovary']",6,False,True,False
data/raw/OTU_2d/images/433.JPG,2,Teratoma,2,Teratoma,0.6332137584686279,"[1, 2, 3, 6, 7]","['Serous cystadenoma', 'Teratoma', 'Theca cell tumour', 'Simple cyst', 'Normal ovary']",5,False,True,True
data/raw/OTU_2d/images/1129.JPG,1,Serous cystadenoma,4,Clear cell carcinoma,0.8811483383178711,"[1, 2, 3, 4, 6, 7]","['Serous cystadenoma', 'Teratoma', 'Theca cell tumour', 'Clear cell carcinoma', 'Simple cyst', 'Normal ovary']",6,False,True,False
data/raw/OTU_2d/images/513.JPG,2,Teratoma,2,Teratoma,0.5716785192489624,"[0, 1, 2, 4, 5, 6, 7]","['Chocolate cyst', 'Serous cystadenoma', 'Teratoma', 'Clear cell carcinoma', 'Dermoid cyst', 'Simple cyst', 'Normal ovary']",7,False,True,True
data/raw/OTU_2d/images/836.JPG,3,Theca cell tumour,3,Theca cell tumour,0.9946277737617493,[3],['Theca cell tumour'],1,True,True,True
data/raw/OTU_2d/images/815.JPG,1,Serous cystadenoma,1,Serous cystadenoma,0.4901609718799591,"[1, 3, 4, 5, 6, 7]","['Serous cystadenoma', 'Theca cell tumour', 'Clear cell carcinoma', 'Dermoid cyst', 'Simple cyst', 'Normal ovary']",6,False,True,True
data/raw/OTU_2d/images/717.JPG,0,Chocolate cyst,0,Chocolate cyst,0.9381237626075745,"[0, 4, 7]","['Chocolate cyst', 'Clear cell carcinoma', 'Normal ovary']",3,False,True,True
data/raw/OTU_2d/images/282.JPG,6,Simple cyst,5,Dermoid cyst,0.9321020245552063,"[4, 5, 6, 7]","['Clear cell carcinoma', 'Dermoid cyst', 'Simple cyst', 'Normal ovary']",4,False,True,False
data/raw/OTU_2d/images/142.JPG,5,Dermoid cyst,5,Dermoid cyst,0.5651960372924805,"[3, 4, 5, 6, 7]","['Theca cell tumour', 'Clear cell carcinoma', 'Dermoid cyst', 'Simple cyst', 'Normal ovary']",5,False,True,True
data/raw/OTU_2d/images/1070.JPG,2,Teratoma,0,Chocolate cyst,0.6463382244110107,"[0, 1, 2, 3, 4, 6, 7]","['Chocolate cyst', 'Serous cystadenoma', 'Teratoma', 'Theca cell tumour', 'Clear cell carcinoma', 'Simple cyst', 'Normal ovary']",7,False,True,False
data/raw/OTU_2d/images/1198.JPG,0,Chocolate cyst,5,Dermoid cyst,0.6631484031677246,"[0, 1, 3, 5, 6, 7]","['Chocolate cyst', 'Serous cystadenoma', 'Theca cell tumour', 'Dermoid cyst', 'Simple cyst', 'Normal ovary']",6,False,True,False
data/raw/OTU_2d/images/1412.JPG,1,Serous cystadenoma,1,Serous cystadenoma,0.8446753621101379,"[0, 1, 2, 3, 4, 6, 7]","['Chocolate cyst', 'Serous cystadenoma', 'Teratoma', 'Theca cell tumour', 'Clear cell carcinoma', 'Simple cyst', 'Normal ovary']",7,False,True,True
data/raw/OTU_2d/images/951.JPG,2,Teratoma,4,Clear cell carcinoma,0.27202677726745605,"[0, 1, 2, 3, 4, 6, 7]","['Chocolate cyst', 'Serous cystadenoma', 'Teratoma', 'Theca cell tumour', 'Clear cell carcinoma', 'Simple cyst', 'Normal ovary']",7,False,True,False
data/raw/OTU_2d/images/624.JPG,3,Theca cell tumour,5,Dermoid cyst,0.5844103693962097,"[4, 5, 6]","['Clear cell carcinoma', 'Dermoid cyst', 'Simple cyst']",3,False,False,False
data/raw/OTU_2d/images/938.JPG,2,Teratoma,2,Teratoma,0.6206398010253906,"[2, 3, 4, 5, 6, 7]","['Teratoma', 'Theca cell tumour', 'Clear cell carcinoma', 'Dermoid cyst', 'Simple cyst', 'Normal ovary']",6,False,True,True
data/raw/OTU_2d/images/265.JPG,5,Dermoid cyst,7,Normal ovary,0.42144978046417236,"[0, 1, 2, 4, 5, 6, 7]","['Chocolate cyst', 'Serous cystadenoma', 'Teratoma', 'Clear cell carcinoma', 'Dermoid cyst', 'Simple cyst', 'Normal ovary']",7,False,True,False
data/raw/OTU_2d/images/1345.JPG,0,Chocolate cyst,0,Chocolate cyst,0.540885865688324,"[0, 1, 2, 4, 6, 7]","['Chocolate cyst', 'Serous cystadenoma', 'Teratoma', 'Clear cell carcinoma', 'Simple cyst', 'Normal ovary']",6,False,True,True
data/raw/OTU_2d/images/895.JPG,6,Simple cyst,6,Simple cyst,0.7180565595626831,"[3, 4, 6]","['Theca cell tumour', 'Clear cell carcinoma', 'Simple cyst']",3,False,True,True
data/raw/OTU_2d/images/173.JPG,2,Teratoma,2,Teratoma,0.7607675790786743,"[1, 2, 3, 4, 5, 6, 7]","['Serous cystadenoma', 'Teratoma', 'Theca cell tumour', 'Clear cell carcinoma', 'Dermoid cyst', 'Simple cyst', 'Normal ovary']",7,False,True,True
data/raw/OTU_2d/images/46.JPG,2,Teratoma,0,Chocolate cyst,0.493831604719162,"[0, 1, 2, 3, 4, 6, 7]","['Chocolate cyst', 'Serous cystadenoma', 'Teratoma', 'Theca cell tumour', 'Clear cell carcinoma', 'Simple cyst', 'Normal ovary']",7,False,True,False
data/raw/OTU_2d/images/244.JPG,5,Dermoid cyst,5,Dermoid cyst,0.955944299697876,"[4, 5, 6, 7]","['Clear cell carcinoma', 'Dermoid cyst', 'Simple cyst', 'Normal ovary']",4,False,True,True
data/raw/OTU_2d/images/1007.JPG,0,Chocolate cyst,0,Chocolate cyst,0.8700889945030212,"[0, 6, 7]","['Chocolate cyst', 'Simple cyst', 'Normal ovary']",3,False,True,True
data/raw/OTU_2d/images/1332.JPG,2,Teratoma,2,Teratoma,0.797531008720398,"[1, 2, 3, 4, 6, 7]","['Serous cystadenoma', 'Teratoma', 'Theca cell tumour', 'Clear cell carcinoma', 'Simple cyst', 'Normal ovary']",6,False,True,True
data/raw/OTU_2d/images/29.JPG,0,Chocolate cyst,0,Chocolate cyst,0.9203214645385742,"[0, 4, 7]","['Chocolate cyst', 'Clear cell carcinoma', 'Normal ovary']",3,False,True,True
data/raw/OTU_2d/images/360.JPG,3,Theca cell tumour,3,Theca cell tumour,0.6972634792327881,"[0, 1, 2, 3, 4, 7]","['Chocolate cyst', 'Serous cystadenoma', 'Teratoma', 'Theca cell tumour', 'Clear cell carcinoma', 'Normal ovary']",6,False,True,True
data/raw/OTU_2d/images/416.JPG,1,Serous cystadenoma,1,Serous cystadenoma,0.6973058581352234,"[1, 3, 4, 6, 7]","['Serous cystadenoma', 'Theca cell tumour', 'Clear cell carcinoma', 'Simple cyst', 'Normal ovary']",5,False,True,True
data/raw/OTU_2d/images/667.JPG,1,Serous cystadenoma,1,Serous cystadenoma,0.5100290775299072,"[1, 2, 3, 4, 6, 7]","['Serous cystadenoma', 'Teratoma', 'Theca cell tumour', 'Clear cell carcinoma', 'Simple cyst', 'Normal ovary']",6,False,True,True
data/raw/OTU_2d/images/605.JPG,3,Theca cell tumour,3,Theca cell tumour,0.8828122019767761,"[2, 3, 4, 5]","['Teratoma', 'Theca cell tumour', 'Clear cell carcinoma', 'Dermoid cyst']",4,False,True,True
data/raw/OTU_2d/images/969.JPG,2,Teratoma,2,Teratoma,0.8243541717529297,"[1, 2, 3, 4, 6, 7]","['Serous cystadenoma', 'Teratoma', 'Theca cell tumour', 'Clear cell carcinoma', 'Simple cyst', 'Normal ovary']",6,False,True,True
data/raw/OTU_2d/images/55.JPG,2,Teratoma,4,Clear cell carcinoma,0.3429625332355499,"[0, 1, 2, 3, 4, 6, 7]","['Chocolate cyst', 'Serous cystadenoma', 'Teratoma', 'Theca cell tumour', 'Clear cell carcinoma', 'Simple cyst', 'Normal ovary']",7,False,True,False
data/raw/OTU_2d/images/1314.JPG,5,Dermoid cyst,5,Dermoid cyst,0.636133074760437,"[3, 4, 5, 7]","['Theca cell tumour', 'Clear cell carcinoma', 'Dermoid cyst', 'Normal ovary']",4,False,True,True
data/raw/OTU_2d/images/235.JPG,2,Teratoma,2,Teratoma,0.5601049065589905,"[1, 2, 3, 4, 5, 6, 7]","['Serous cystadenoma', 'Teratoma', 'Theca cell tumour', 'Clear cell carcinoma', 'Dermoid cyst', 'Simple cyst', 'Normal ovary']",7,False,True,True
data/raw/OTU_2d/images/214.JPG,6,Simple cyst,1,Serous cystadenoma,0.5518013834953308,"[0, 1, 3, 4, 6, 7]","['Chocolate cyst', 'Serous cystadenoma', 'Theca cell tumour', 'Clear cell carcinoma', 'Simple cyst', 'Normal ovary']",6,False,True,False
data/raw/OTU_2d/images/986.JPG,3,Theca cell tumour,3,Theca cell tumour,0.4930814802646637,"[2, 3, 4, 5, 6, 7]","['Teratoma', 'Theca cell tumour', 'Clear cell carcinoma', 'Dermoid cyst', 'Simple cyst', 'Normal ovary']",6,False,True,True
data/raw/OTU_2d/images/761.JPG,1,Serous cystadenoma,1,Serous cystadenoma,0.7468847632408142,"[1, 6, 7]","['Serous cystadenoma', 'Simple cyst', 'Normal ovary']",3,False,True,True
data/raw/OTU_2d/images/795.JPG,6,Simple cyst,6,Simple cyst,0.7788816690444946,"[0, 3, 4, 5, 6, 7]","['Chocolate cyst', 'Theca cell tumour', 'Clear cell carcinoma', 'Dermoid cyst', 'Simple cyst', 'Normal ovary']",6,False,True,True
data/raw/OTU_2d/images/1246.JPG,0,Chocolate cyst,0,Chocolate cyst,0.8850132822990417,"[0, 3, 4]","['Chocolate cyst', 'Theca cell tumour', 'Clear cell carcinoma']",3,False,True,True
data/raw/OTU_2d/images/1386.JPG,1,Serous cystadenoma,1,Serous cystadenoma,0.9386846423149109,"[1, 4, 7]","['Serous cystadenoma', 'Clear cell carcinoma', 'Normal ovary']",3,False,True,True
data/raw/OTU_2d/images/946.JPG,2,Teratoma,2,Teratoma,0.9669317603111267,"[2, 3, 4, 6, 7]","['Teratoma', 'Theca cell tumour', 'Clear cell carcinoma', 'Simple cyst', 'Normal ovary']",5,False,True,True
data/raw/OTU_2d/images/599.JPG,4,Clear cell carcinoma,5,Dermoid cyst,0.5966618061065674,"[0, 3, 4, 5, 7]","['Chocolate cyst', 'Theca cell tumour', 'Clear cell carcinoma', 'Dermoid cyst', 'Normal ovary']",5,False,True,False
data/raw/OTU_2d/images/1152.JPG,3,Theca cell tumour,3,Theca cell tumour,0.5905187129974365,"[0, 1, 3, 4, 5, 7]","['Chocolate cyst', 'Serous cystadenoma', 'Theca cell tumour', 'Clear cell carcinoma', 'Dermoid cyst', 'Normal ovary']",6,False,True,True
data/raw/OTU_2d/images/942.JPG,2,Teratoma,2,Teratoma,0.7749038338661194,"[0, 1, 2, 3, 4, 5, 7]","['Chocolate cyst', 'Serous cystadenoma', 'Teratoma', 'Theca cell tumour', 'Clear cell carcinoma', 'Dermoid cyst', 'Normal ovary']",7,False,True,True
data/raw/OTU_2d/images/1395.JPG,2,Teratoma,2,Teratoma,0.9479950070381165,"[2, 3, 4, 6, 7]","['Teratoma', 'Theca cell tumour', 'Clear cell carcinoma', 'Simple cyst', 'Normal ovary']",5,False,True,True
data/raw/OTU_2d/images/996.JPG,2,Teratoma,2,Teratoma,0.8843156695365906,"[2, 3, 4, 5]","['Teratoma', 'Theca cell tumour', 'Clear cell carcinoma', 'Dermoid cyst']",4,False,True,True
data/raw/OTU_2d/images/807.JPG,5,Dermoid cyst,1,Serous cystadenoma,0.3710322082042694,"[0, 1, 2, 3, 4, 5, 7]","['Chocolate cyst', 'Serous cystadenoma', 'Teratoma', 'Theca cell tumour', 'Clear cell carcinoma', 'Dermoid cyst', 'Normal ovary']",7,False,True,False
data/raw/OTU_2d/images/1459.JPG,7,Normal ovary,7,Normal ovary,0.4686102867126465,"[3, 4, 5, 7]","['Theca cell tumour', 'Clear cell carcinoma', 'Dermoid cyst', 'Normal ovary']",4,False,True,True
data/raw/OTU_2d/images/928.JPG,2,Teratoma,7,Normal ovary,0.9687145948410034,"[3, 7]","['Theca cell tumour', 'Normal ovary']",2,False,False,False
data/raw/OTU_2d/images/241.JPG,0,Chocolate cyst,0,Chocolate cyst,0.8925536274909973,"[0, 1, 2, 3, 4, 6, 7]","['Chocolate cyst', 'Serous cystadenoma', 'Teratoma', 'Theca cell tumour', 'Clear cell carcinoma', 'Simple cyst', 'Normal ovary']",7,False,True,True
data/raw/OTU_2d/images/980.JPG,5,Dermoid cyst,5,Dermoid cyst,0.9179317951202393,"[3, 4, 5]","['Theca cell tumour', 'Clear cell carcinoma', 'Dermoid cyst']",3,False,True,True
data/raw/OTU_2d/images/69.JPG,2,Teratoma,2,Teratoma,0.8665146827697754,"[2, 3, 4, 6, 7]","['Teratoma', 'Theca cell tumour', 'Clear cell carcinoma', 'Simple cyst', 'Normal ovary']",5,False,True,True
data/raw/OTU_2d/images/710.JPG,2,Teratoma,2,Teratoma,0.7890966534614563,"[1, 2, 3, 4, 6, 7]","['Serous cystadenoma', 'Teratoma', 'Theca cell tumour', 'Clear cell carcinoma', 'Simple cyst', 'Normal ovary']",6,False,True,True
data/raw/OTU_2d/images/379.JPG,2,Teratoma,2,Teratoma,0.9874482750892639,[2],['Teratoma'],1,True,True,True
data/raw/OTU_2d/images/1216.JPG,0,Chocolate cyst,0,Chocolate cyst,0.939790666103363,"[0, 1, 3, 4, 6, 7]","['Chocolate cyst', 'Serous cystadenoma', 'Theca cell tumour', 'Clear cell carcinoma', 'Simple cyst', 'Normal ovary']",6,False,True,True
data/raw/OTU_2d/images/530.JPG,5,Dermoid cyst,5,Dermoid cyst,0.47049057483673096,"[1, 3, 4, 5, 6, 7]","['Serous cystadenoma', 'Theca cell tumour', 'Clear cell carcinoma', 'Dermoid cyst', 'Simple cyst', 'Normal ovary']",6,False,True,True
data/raw/OTU_2d/images/657.JPG,5,Dermoid cyst,5,Dermoid cyst,0.8956508040428162,"[1, 2, 3, 4, 5, 6, 7]","['Serous cystadenoma', 'Teratoma', 'Theca cell tumour', 'Clear cell carcinoma', 'Dermoid cyst', 'Simple cyst', 'Normal ovary']",7,False,True,True
data/raw/OTU_2d/images/31.JPG,0,Chocolate cyst,0,Chocolate cyst,0.9222160577774048,"[0, 3, 4, 6]","['Chocolate cyst', 'Theca cell tumour', 'Clear cell carcinoma', 'Simple cyst']",4,False,True,True
data/raw/OTU_2d/images/678.JPG,0,Chocolate cyst,0,Chocolate cyst,0.8577440977096558,"[0, 3, 4, 6, 7]","['Chocolate cyst', 'Theca cell tumour', 'Clear cell carcinoma', 'Simple cyst', 'Normal ovary']",5,False,True,True
data/raw/OTU_2d/images/1342.JPG,5,Dermoid cyst,5,Dermoid cyst,0.8791351318359375,"[1, 3, 4, 5, 6, 7]","['Serous cystadenoma', 'Theca cell tumour', 'Clear cell carcinoma', 'Dermoid cyst', 'Simple cyst', 'Normal ovary']",6,False,True,True
data/raw/OTU_2d/images/437.JPG,2,Teratoma,2,Teratoma,0.5310608744621277,"[1, 2, 3, 4, 6, 7]","['Serous cystadenoma', 'Teratoma', 'Theca cell tumour', 'Clear cell carcinoma', 'Simple cyst', 'Normal ovary']",6,False,True,True
data/raw/OTU_2d/images/393.JPG,0,Chocolate cyst,0,Chocolate cyst,0.8860939741134644,"[0, 1, 3, 4, 6, 7]","['Chocolate cyst', 'Serous cystadenoma', 'Theca cell tumour', 'Clear cell carcinoma', 'Simple cyst', 'Normal ovary']",6,False,True,True
data/raw/OTU_2d/images/109.JPG,4,Clear cell carcinoma,5,Dermoid cyst,0.33735784888267517,"[0, 2, 3, 4, 5, 6, 7]","['Chocolate cyst', 'Teratoma', 'Theca cell tumour', 'Clear cell carcinoma', 'Dermoid cyst', 'Simple cyst', 'Normal ovary']",7,False,True,False
data/raw/OTU_2d/images/879.JPG,4,Clear cell carcinoma,6,Simple cyst,0.6398341059684753,"[3, 4, 6]","['Theca cell tumour', 'Clear cell carcinoma', 'Simple cyst']",3,False,True,False
data/raw/OTU_2d/images/1105.JPG,2,Teratoma,2,Teratoma,0.633379340171814,"[0, 2, 3, 4, 5, 6, 7]","['Chocolate cyst', 'Teratoma', 'Theca cell tumour', 'Clear cell carcinoma', 'Dermoid cyst', 'Simple cyst', 'Normal ovary']",7,False,True,True
data/raw/OTU_2d/images/950.JPG,2,Teratoma,2,Teratoma,0.9667441248893738,"[2, 4]","['Teratoma', 'Clear cell carcinoma']",2,False,True,True
data/raw/OTU_2d/images/1180.JPG,3,Theca cell tumour,3,Theca cell tumour,0.7011720538139343,"[3, 4, 5, 7]","['Theca cell tumour', 'Clear cell carcinoma', 'Dermoid cyst', 'Normal ovary']",4,False,True,True
data/raw/OTU_2d/images/799.JPG,0,Chocolate cyst,0,Chocolate cyst,0.916297972202301,"[0, 3, 4, 6, 7]","['Chocolate cyst', 'Theca cell tumour', 'Clear cell carcinoma', 'Simple cyst', 'Normal ovary']",5,False,True,True
data/raw/OTU_2d/images/1016.JPG,2,Teratoma,5,Dermoid cyst,0.5105211734771729,"[0, 2, 3, 4, 5, 6, 7]","['Chocolate cyst', 'Teratoma', 'Theca cell tumour', 'Clear cell carcinoma', 'Dermoid cyst', 'Simple cyst', 'Normal ovary']",7,False,True,False
data/raw/OTU_2d/images/1191.JPG,3,Theca cell tumour,3,Theca cell tumour,0.7702383995056152,"[0, 1, 3, 7]","['Chocolate cyst', 'Serous cystadenoma', 'Theca cell tumour', 'Normal ovary']",4,False,True,True
data/raw/OTU_2d/images/1462.JPG,7,Normal ovary,7,Normal ovary,0.9909551739692688,"[3, 7]","['Theca cell tumour', 'Normal ovary']",2,False,True,True
data/raw/OTU_2d/images/230.JPG,5,Dermoid cyst,5,Dermoid cyst,0.5011385083198547,"[1, 2, 4, 5, 6, 7]","['Serous cystadenoma', 'Teratoma', 'Clear cell carcinoma', 'Dermoid cyst', 'Simple cyst', 'Normal ovary']",6,False,True,True
data/raw/OTU_2d/images/1226.JPG,2,Teratoma,1,Serous cystadenoma,0.4123566150665283,"[0, 1, 2, 3, 4, 6, 7]","['Chocolate cyst', 'Serous cystadenoma', 'Teratoma', 'Theca cell tumour', 'Clear cell carcinoma', 'Simple cyst', 'Normal ovary']",7,False,True,False
data/raw/OTU_2d/images/202.JPG,5,Dermoid cyst,5,Dermoid cyst,0.9632200002670288,[5],['Dermoid cyst'],1,True,True,True
data/raw/OTU_2d/images/590.JPG,4,Clear cell carcinoma,4,Clear cell carcinoma,0.9997988343238831,[4],['Clear cell carcinoma'],1,True,True,True
data/raw/OTU_2d/images/1116.JPG,1,Serous cystadenoma,1,Serous cystadenoma,0.6260776519775391,"[1, 2, 3, 4, 7]","['Serous cystadenoma', 'Teratoma', 'Theca cell tumour', 'Clear cell carcinoma', 'Normal ovary']",5,False,True,True
data/raw/OTU_2d/images/1031.JPG,5,Dermoid cyst,0,Chocolate cyst,0.8036009073257446,"[0, 1, 2, 3, 4, 6, 7]","['Chocolate cyst', 'Serous cystadenoma', 'Teratoma', 'Theca cell tumour', 'Clear cell carcinoma', 'Simple cyst', 'Normal ovary']",7,False,False,False
data/raw/OTU_2d/images/1437.JPG,7,Normal ovary,6,Simple cyst,0.5059263706207275,"[0, 1, 4, 6, 7]","['Chocolate cyst', 'Serous cystadenoma', 'Clear cell carcinoma', 'Simple cyst', 'Normal ovary']",5,False,True,False
data/raw/OTU_2d/images/222.JPG,5,Dermoid cyst,5,Dermoid cyst,0.6275811195373535,"[0, 1, 3, 4, 5, 6, 7]","['Chocolate cyst', 'Serous cystadenoma', 'Theca cell tumour', 'Clear cell carcinoma', 'Dermoid cyst', 'Simple cyst', 'Normal ovary']",7,False,True,True
data/raw/OTU_2d/images/737.JPG,2,Teratoma,2,Teratoma,0.97312331199646,"[2, 4]","['Teratoma', 'Clear cell carcinoma']",2,False,True,True
data/raw/OTU_2d/images/56.JPG,2,Teratoma,2,Teratoma,0.8588186502456665,"[1, 2, 3, 4, 6, 7]","['Serous cystadenoma', 'Teratoma', 'Theca cell tumour', 'Clear cell carcinoma', 'Simple cyst', 'Normal ovary']",6,False,True,True
data/raw/OTU_2d/images/1282.JPG,0,Chocolate cyst,0,Chocolate cyst,0.7755106687545776,"[0, 3, 4, 6]","['Chocolate cyst', 'Theca cell tumour', 'Clear cell carcinoma', 'Simple cyst']",4,False,True,True
data/raw/OTU_2d/images/1351.JPG,0,Chocolate cyst,4,Clear cell carcinoma,0.5468329191207886,"[0, 1, 2, 3, 4, 6, 7]","['Chocolate cyst', 'Serous cystadenoma', 'Teratoma', 'Theca cell tumour', 'Clear cell carcinoma', 'Simple cyst', 'Normal ovary']",7,False,True,False
data/raw/OTU_2d/images/1300.JPG,0,Chocolate cyst,0,Chocolate cyst,0.7358642220497131,"[0, 1, 2, 3, 4, 6, 7]","['Chocolate cyst', 'Serous cystadenoma', 'Teratoma', 'Theca cell tumour', 'Clear cell carcinoma', 'Simple cyst', 'Normal ovary']",7,False,True,True
data/raw/OTU_2d/images/329.JPG,0,Chocolate cyst,0,Chocolate cyst,0.6613765358924866,"[0, 1, 3, 4, 6, 7]","['Chocolate cyst', 'Serous cystadenoma', 'Theca cell tumour', 'Clear cell carcinoma', 'Simple cyst', 'Normal ovary']",6,False,True,True
data/raw/OTU_2d/images/607.JPG,3,Theca cell tumour,3,Theca cell tumour,0.9988331198692322,[3],['Theca cell tumour'],1,True,True,True
data/raw/OTU_2d/images/1290.JPG,1,Serous cystadenoma,1,Serous cystadenoma,0.9766750335693359,[1],['Serous cystadenoma'],1,True,True,True
data/raw/OTU_2d/images/1178.JPG,5,Dermoid cyst,5,Dermoid cyst,0.6522049307823181,"[2, 3, 4, 5, 6, 7]","['Teratoma', 'Theca cell tumour', 'Clear cell carcinoma', 'Dermoid cyst', 'Simple cyst', 'Normal ovary']",6,False,True,True
data/raw/OTU_2d/images/498.JPG,4,Clear cell carcinoma,5,Dermoid cyst,0.6922287344932556,"[1, 3, 4, 5]","['Serous cystadenoma', 'Theca cell tumour', 'Clear cell carcinoma', 'Dermoid cyst']",4,False,True,False
data/raw/OTU_2d/images/1011.JPG,4,Clear cell carcinoma,1,Serous cystadenoma,0.8433964252471924,"[1, 2, 4, 6, 7]","['Serous cystadenoma', 'Teratoma', 'Clear cell carcinoma', 'Simple cyst', 'Normal ovary']",5,False,True,False
data/raw/OTU_2d/images/645.JPG,0,Chocolate cyst,0,Chocolate cyst,0.5530375838279724,"[0, 1, 3, 4, 7]","['Chocolate cyst', 'Serous cystadenoma', 'Theca cell tumour', 'Clear cell carcinoma', 'Normal ovary']",5,False,True,True
data/raw/OTU_2d/images/491.JPG,1,Serous cystadenoma,1,Serous cystadenoma,0.658241331577301,"[1, 5, 6, 7]","['Serous cystadenoma', 'Dermoid cyst', 'Simple cyst', 'Normal ovary']",4,False,True,True
data/raw/OTU_2d/images/332.JPG,0,Chocolate cyst,0,Chocolate cyst,0.7828637957572937,"[0, 1, 3, 4, 5, 6, 7]","['Chocolate cyst', 'Serous cystadenoma', 'Theca cell tumour', 'Clear cell carcinoma', 'Dermoid cyst', 'Simple cyst', 'Normal ovary']",7,False,True,True
data/raw/OTU_2d/images/365.JPG,1,Serous cystadenoma,1,Serous cystadenoma,0.9069188833236694,"[1, 3, 4, 6, 7]","['Serous cystadenoma', 'Theca cell tumour', 'Clear cell carcinoma', 'Simple cyst', 'Normal ovary']",5,False,True,True
data/raw/OTU_2d/images/749.JPG,6,Simple cyst,0,Chocolate cyst,0.8654006719589233,"[0, 2, 3, 4, 7]","['Chocolate cyst', 'Teratoma', 'Theca cell tumour', 'Clear cell carcinoma', 'Normal ovary']",5,False,False,False
data/raw/OTU_2d/images/1409.JPG,6,Simple cyst,7,Normal ovary,0.8055415153503418,"[1, 3, 4, 6, 7]","['Serous cystadenoma', 'Theca cell tumour', 'Clear cell carcinoma', 'Simple cyst', 'Normal ovary']",5,False,True,False
data/raw/OTU_2d/images/891.JPG,1,Serous cystadenoma,1,Serous cystadenoma,0.527274489402771,"[0, 1, 3, 4, 5, 6, 7]","['Chocolate cyst', 'Serous cystadenoma', 'Theca cell tumour', 'Clear cell carcinoma', 'Dermoid cyst', 'Simple cyst', 'Normal ovary']",7,False,True,True
data/raw/OTU_2d/images/1276.JPG,5,Dermoid cyst,5,Dermoid cyst,0.7837751507759094,"[1, 3, 4, 5, 6, 7]","['Serous cystadenoma', 'Theca cell tumour', 'Clear cell carcinoma', 'Dermoid cyst', 'Simple cyst', 'Normal ovary']",6,False,True,True
data/raw/OTU_2d/images/275.JPG,5,Dermoid cyst,5,Dermoid cyst,0.5548916459083557,"[2, 3, 4, 5, 6, 7]","['Teratoma', 'Theca cell tumour', 'Clear cell carcinoma', 'Dermoid cyst', 'Simple cyst', 'Normal ovary']",6,False,True,True
data/raw/OTU_2d/images/99.JPG,1,Serous cystadenoma,6,Simple cyst,0.7533751726150513,"[1, 4, 6, 7]","['Serous cystadenoma', 'Clear cell carcinoma', 'Simple cyst', 'Normal ovary']",4,False,True,False
data/raw/OTU_2d/images/42.JPG,4,Clear cell carcinoma,4,Clear cell carcinoma,0.9952366352081299,"[4, 6]","['Clear cell carcinoma', 'Simple cyst']",2,False,True,True
data/raw/OTU_2d/images/975.JPG,0,Chocolate cyst,0,Chocolate cyst,0.7440767288208008,"[0, 3, 4, 5, 6]","['Chocolate cyst', 'Theca cell tumour', 'Clear cell carcinoma', 'Dermoid cyst', 'Simple cyst']",5,False,True,True
data/raw/OTU_2d/images/1333.JPG,2,Teratoma,1,Serous cystadenoma,0.37064129114151,"[1, 2, 3, 4, 6, 7]","['Serous cystadenoma', 'Teratoma', 'Theca cell tumour', 'Clear cell carcinoma', 'Simple cyst', 'Normal ovary']",6,False,True,False
data/raw/OTU_2d/images/1052.JPG,1,Serous cystadenoma,1,Serous cystadenoma,0.9043586850166321,"[1, 4, 6, 7]","['Serous cystadenoma', 'Clear cell carcinoma', 'Simple cyst', 'Normal ovary']",4,False,True,True
data/raw/OTU_2d/images/1205.JPG,0,Chocolate cyst,0,Chocolate cyst,0.6928471326828003,"[0, 1, 3, 4, 6, 7]","['Chocolate cyst', 'Serous cystadenoma', 'Theca cell tumour', 'Clear cell carcinoma', 'Simple cyst', 'Normal ovary']",6,False,True,True
data/raw/OTU_2d/images/780.JPG,0,Chocolate cyst,0,Chocolate cyst,0.8929842114448547,"[0, 4, 5, 7]","['Chocolate cyst', 'Clear cell carcinoma', 'Dermoid cyst', 'Normal ovary']",4,False,True,True
data/raw/OTU_2d/images/1453.JPG,7,Normal ovary,7,Normal ovary,0.30258607864379883,"[0, 1, 3, 4, 5, 6, 7]","['Chocolate cyst', 'Serous cystadenoma', 'Theca cell tumour', 'Clear cell carcinoma', 'Dermoid cyst', 'Simple cyst', 'Normal ovary']",7,False,True,True
data/raw/OTU_2d/images/565.JPG,1,Serous cystadenoma,0,Chocolate cyst,0.33367985486984253,"[0, 1, 3, 4, 5, 6, 7]","['Chocolate cyst', 'Serous cystadenoma', 'Theca cell tumour', 'Clear cell carcinoma', 'Dermoid cyst', 'Simple cyst', 'Normal ovary']",7,False,True,False
data/raw/OTU_2d/images/1148.JPG,3,Theca cell tumour,3,Theca cell tumour,0.4193184971809387,"[0, 2, 3, 4, 6, 7]","['Chocolate cyst', 'Teratoma', 'Theca cell tumour', 'Clear cell carcinoma', 'Simple cyst', 'Normal ovary']",6,False,True,True
data/raw/OTU_2d/images/1436.JPG,7,Normal ovary,7,Normal ovary,0.5656089782714844,"[1, 2, 3, 4, 5, 6, 7]","['Serous cystadenoma', 'Teratoma', 'Theca cell tumour', 'Clear cell carcinoma', 'Dermoid cyst', 'Simple cyst', 'Normal ovary']",7,False,True,True
data/raw/OTU_2d/images/549.JPG,5,Dermoid cyst,5,Dermoid cyst,0.9714763760566711,"[4, 5]","['Clear cell carcinoma', 'Dermoid cyst']",2,False,True,True
data/raw/OTU_2d/images/519.JPG,2,Teratoma,2,Teratoma,0.5447280406951904,"[2, 3, 4, 6, 7]","['Teratoma', 'Theca cell tumour', 'Clear cell carcinoma', 'Simple cyst', 'Normal ovary']",5,False,True,True
data/raw/OTU_2d/images/727.JPG,2,Teratoma,2,Teratoma,0.44692233204841614,"[1, 2, 3, 4, 5, 6, 7]","['Serous cystadenoma', 'Teratoma', 'Theca cell tumour', 'Clear cell carcinoma', 'Dermoid cyst', 'Simple cyst', 'Normal ovary']",7,False,True,True
data/raw/OTU_2d/images/1035.JPG,5,Dermoid cyst,5,Dermoid cyst,0.7795649170875549,"[1, 3, 4, 5, 6, 7]","['Serous cystadenoma', 'Theca cell tumour', 'Clear cell carcinoma', 'Dermoid cyst', 'Simple cyst', 'Normal ovary']",6,False,True,True
data/raw/OTU_2d/images/1309.JPG,0,Chocolate cyst,1,Serous cystadenoma,0.3524998426437378,"[0, 1, 2, 3, 4, 6, 7]","['Chocolate cyst', 'Serous cystadenoma', 'Teratoma', 'Theca cell tumour', 'Clear cell carcinoma', 'Simple cyst', 'Normal ovary']",7,False,True,False
data/raw/OTU_2d/images/219.JPG,0,Chocolate cyst,0,Chocolate cyst,0.5481721758842468,"[0, 2, 3, 4, 5, 6, 7]","['Chocolate cyst', 'Teratoma', 'Theca cell tumour', 'Clear cell carcinoma', 'Dermoid cyst', 'Simple cyst', 'Normal ovary']",7,False,True,True
data/raw/OTU_2d/images/1258.JPG,2,Teratoma,2,Teratoma,0.3316419720649719,"[1, 2, 3, 4, 6, 7]","['Serous cystadenoma', 'Teratoma', 'Theca cell tumour', 'Clear cell carcinoma', 'Simple cyst', 'Normal ovary']",6,False,True,True
data/raw/OTU_2d/images/1377.JPG,1,Serous cystadenoma,5,Dermoid cyst,0.9341979622840881,"[3, 4, 5, 6]","['Theca cell tumour', 'Clear cell carcinoma', 'Dermoid cyst', 'Simple cyst']",4,False,False,False
data/raw/OTU_2d/images/190.JPG,0,Chocolate cyst,0,Chocolate cyst,0.9558208584785461,"[0, 3, 4, 6, 7]","['Chocolate cyst', 'Theca cell tumour', 'Clear cell carcinoma', 'Simple cyst', 'Normal ovary']",5,False,True,True
data/raw/OTU_2d/images/1419.JPG,7,Normal ovary,7,Normal ovary,0.9120485782623291,"[1, 4, 6, 7]","['Serous cystadenoma', 'Clear cell carcinoma', 'Simple cyst', 'Normal ovary']",4,False,True,True
data/raw/OTU_2d/images/1433.JPG,7,Normal ovary,7,Normal ovary,0.9960111379623413,[7],['Normal ovary'],1,True,True,True
data/raw/OTU_2d/images/449.JPG,0,Chocolate cyst,5,Dermoid cyst,0.4491116404533386,"[1, 3, 4, 5, 6, 7]","['Serous cystadenoma', 'Theca cell tumour', 'Clear cell carcinoma', 'Dermoid cyst', 'Simple cyst', 'Normal ovary']",6,False,False,False
data/raw/OTU_2d/images/199.JPG,0,Chocolate cyst,0,Chocolate cyst,0.9335126280784607,"[0, 4, 7]","['Chocolate cyst', 'Clear cell carcinoma', 'Normal ovary']",3,False,True,True
data/raw/OTU_2d/images/522.JPG,5,Dermoid cyst,5,Dermoid cyst,0.8721136450767517,"[3, 4, 5, 6]","['Theca cell tumour', 'Clear cell carcinoma', 'Dermoid cyst', 'Simple cyst']",4,False,True,True
data/raw/OTU_2d/images/734.JPG,0,Chocolate cyst,0,Chocolate cyst,0.8616015911102295,"[0, 1, 2, 3, 4, 6, 7]","['Chocolate cyst', 'Serous cystadenoma', 'Teratoma', 'Theca cell tumour', 'Clear cell carcinoma', 'Simple cyst', 'Normal ovary']",7,False,True,True
data/raw/OTU_2d/images/307.JPG,2,Teratoma,2,Teratoma,0.3850341737270355,"[0, 2, 3, 4, 5, 6, 7]","['Chocolate cyst', 'Teratoma', 'Theca cell tumour', 'Clear cell carcinoma', 'Dermoid cyst', 'Simple cyst', 'Normal ovary']",7,False,True,True
data/raw/OTU_2d/images/695.JPG,6,Simple cyst,6,Simple cyst,0.7229236364364624,"[0, 2, 3, 4, 6]","['Chocolate cyst', 'Teratoma', 'Theca cell tumour', 'Clear cell carcinoma', 'Simple cyst']",5,False,True,True
data/raw/OTU_2d/images/178.JPG,1,Serous cystadenoma,1,Serous cystadenoma,0.8485937714576721,"[1, 3, 4, 6]","['Serous cystadenoma', 'Theca cell tumour', 'Clear cell carcinoma', 'Simple cyst']",4,False,True,True
data/raw/OTU_2d/images/1242.JPG,2,Teratoma,2,Teratoma,0.44398897886276245,"[0, 1, 2, 4, 6, 7]","['Chocolate cyst', 'Serous cystadenoma', 'Teratoma', 'Clear cell carcinoma', 'Simple cyst', 'Normal ovary']",6,False,True,True
data/raw/OTU_2d/images/1187.JPG,3,Theca cell tumour,3,Theca cell tumour,0.9996943473815918,[3],['Theca cell tumour'],1,True,True,True
data/raw/OTU_2d/images/195.JPG,0,Chocolate cyst,0,Chocolate cyst,0.9625347852706909,"[0, 3, 4, 6, 7]","['Chocolate cyst', 'Theca cell tumour', 'Clear cell carcinoma', 'Simple cyst', 'Normal ovary']",5,False,True,True
data/raw/OTU_2d/images/357.JPG,3,Theca cell tumour,3,Theca cell tumour,0.9996929168701172,[3],['Theca cell tumour'],1,True,True,True
data/raw/OTU_2d/images/909.JPG,0,Chocolate cyst,0,Chocolate cyst,0.9272622466087341,"[0, 1, 3, 4, 6, 7]","['Chocolate cyst', 'Serous cystadenoma', 'Theca cell tumour', 'Clear cell carcinoma', 'Simple cyst', 'Normal ovary']",6,False,True,True
data/raw/OTU_2d/images/397.JPG,6,Simple cyst,6,Simple cyst,0.761742889881134,"[1, 2, 4, 6, 7]","['Serous cystadenoma', 'Teratoma', 'Clear cell carcinoma', 'Simple cyst', 'Normal ovary']",5,False,True,True
data/raw/OTU_2d/images/865.JPG,1,Serous cystadenoma,1,Serous cystadenoma,0.9876227378845215,[1],['Serous cystadenoma'],1,True,True,True
data/raw/OTU_2d/images/1166.JPG,0,Chocolate cyst,0,Chocolate cyst,0.7998721599578857,"[0, 1, 4]","['Chocolate cyst', 'Serous cystadenoma', 'Clear cell carcinoma']",3,False,True,True
data/raw/OTU_2d/images/706.JPG,2,Teratoma,2,Teratoma,0.7091536521911621,"[2, 3, 4, 6, 7]","['Teratoma', 'Theca cell tumour', 'Clear cell carcinoma', 'Simple cyst', 'Normal ovary']",5,False,True,True
data/raw/OTU_2d/images/1.JPG,4,Clear cell carcinoma,3,Theca cell tumour,0.3455056846141815,"[1, 2, 3, 4, 5, 6, 7]","['Serous cystadenoma', 'Teratoma', 'Theca cell tumour', 'Clear cell carcinoma', 'Dermoid cyst', 'Simple cyst', 'Normal ovary']",7,False,True,False
data/raw/OTU_2d/images/540.JPG,0,Chocolate cyst,0,Chocolate cyst,0.9013113379478455,"[0, 3, 4]","['Chocolate cyst', 'Theca cell tumour', 'Clear cell carcinoma']",3,False,True,True
data/raw/OTU_2d/images/401.JPG,2,Teratoma,1,Serous cystadenoma,0.8651793599128723,"[1, 3, 4, 6, 7]","['Serous cystadenoma', 'Theca cell tumour', 'Clear cell carcinoma', 'Simple cyst', 'Normal ovary']",5,False,False,False
data/raw/OTU_2d/images/569.JPG,1,Serous cystadenoma,1,Serous cystadenoma,0.608687698841095,"[1, 2, 3, 4, 6, 7]","['Serous cystadenoma', 'Teratoma', 'Theca cell tumour', 'Clear cell carcinoma', 'Simple cyst', 'Normal ovary']",6,False,True,True
data/raw/OTU_2d/images/850.JPG,4,Clear cell carcinoma,1,Serous cystadenoma,0.5479780435562134,"[1, 3, 4, 6, 7]","['Serous cystadenoma', 'Theca cell tumour', 'Clear cell carcinoma', 'Simple cyst', 'Normal ovary']",5,False,True,False
data/raw/OTU_2d/images/293.JPG,0,Chocolate cyst,0,Chocolate cyst,0.7406404614448547,"[0, 1, 4, 6, 7]","['Chocolate cyst', 'Serous cystadenoma', 'Clear cell carcinoma', 'Simple cyst', 'Normal ovary']",5,False,True,True
data/raw/OTU_2d/images/1402.JPG,2,Teratoma,5,Dermoid cyst,0.4152882397174835,"[1, 2, 3, 4, 5, 6, 7]","['Serous cystadenoma', 'Teratoma', 'Theca cell tumour', 'Clear cell carcinoma', 'Dermoid cyst', 'Simple cyst', 'Normal ovary']",7,False,True,False
data/raw/OTU_2d/images/151.JPG,3,Theca cell tumour,4,Clear cell carcinoma,0.3313438892364502,"[0, 1, 3, 4, 6, 7]","['Chocolate cyst', 'Serous cystadenoma', 'Theca cell tumour', 'Clear cell carcinoma', 'Simple cyst', 'Normal ovary']",6,False,True,False
data/raw/OTU_2d/images/1047.JPG,0,Chocolate cyst,0,Chocolate cyst,0.5978226065635681,"[0, 1, 3, 4, 6, 7]","['Chocolate cyst', 'Serous cystadenoma', 'Theca cell tumour', 'Clear cell carcinoma', 'Simple cyst', 'Normal ovary']",6,False,True,True
data/raw/OTU_2d/images/704.JPG,5,Dermoid cyst,5,Dermoid cyst,0.8682915568351746,"[4, 5, 6, 7]","['Clear cell carcinoma', 'Dermoid cyst', 'Simple cyst', 'Normal ovary']",4,False,True,True
data/raw/OTU_2d/images/58.JPG,1,Serous cystadenoma,1,Serous cystadenoma,0.9486187100410461,"[1, 3, 4, 6, 7]","['Serous cystadenoma', 'Theca cell tumour', 'Clear cell carcinoma', 'Simple cyst', 'Normal ovary']",5,False,True,True
data/raw/OTU_2d/images/348.JPG,2,Teratoma,2,Teratoma,0.9756284952163696,"[2, 4]","['Teratoma', 'Clear cell carcinoma']",2,False,True,True
data/raw/OTU_2d/images/588.JPG,5,Dermoid cyst,5,Dermoid cyst,0.7038323879241943,"[0, 2, 3, 4, 5, 6, 7]","['Chocolate cyst', 'Teratoma', 'Theca cell tumour', 'Clear cell carcinoma', 'Dermoid cyst', 'Simple cyst', 'Normal ovary']",7,False,True,True
data/raw/OTU_2d/images/424.JPG,1,Serous cystadenoma,3,Theca cell tumour,0.8807396292686462,"[1, 3, 4, 7]","['Serous cystadenoma', 'Theca cell tumour', 'Clear cell carcinoma', 'Normal ovary']",4,False,True,False
data/raw/OTU_2d/images/337.JPG,2,Teratoma,2,Teratoma,0.9727491140365601,[2],['Teratoma'],1,True,True,True
data/raw/OTU_2d/images/264.JPG,2,Teratoma,2,Teratoma,0.6667428016662598,"[0, 1, 2, 3, 4, 6, 7]","['Chocolate cyst', 'Serous cystadenoma', 'Teratoma', 'Theca cell tumour', 'Clear cell carcinoma', 'Simple cyst', 'Normal ovary']",7,False,True,True
data/raw/OTU_2d/images/582.JPG,0,Chocolate cyst,0,Chocolate cyst,0.8448935151100159,"[0, 1, 3, 4, 5, 6, 7]","['Chocolate cyst', 'Serous cystadenoma', 'Theca cell tumour', 'Clear cell carcinoma', 'Dermoid cyst', 'Simple cyst', 'Normal ovary']",7,False,True,True
data/raw/OTU_2d/images/84.JPG,0,Chocolate cyst,0,Chocolate cyst,0.8960639238357544,"[0, 3, 4, 7]","['Chocolate cyst', 'Theca cell tumour', 'Clear cell carcinoma', 'Normal ovary']",4,False,True,True
data/raw/OTU_2d/images/1277.JPG,5,Dermoid cyst,0,Chocolate cyst,0.6124529838562012,"[0, 1, 3, 4, 5, 6, 7]","['Chocolate cyst', 'Serous cystadenoma', 'Theca cell tumour', 'Clear cell carcinoma', 'Dermoid cyst', 'Simple cyst', 'Normal ovary']",7,False,True,False
data/raw/OTU_2d/images/1329.JPG,0,Chocolate cyst,1,Serous cystadenoma,0.9700811505317688,"[1, 3, 6]","['Serous cystadenoma', 'Theca cell tumour', 'Simple cyst']",3,False,False,False
data/raw/OTU_2d/images/1323.JPG,5,Dermoid cyst,5,Dermoid cyst,0.5543641448020935,"[0, 1, 4, 5, 6, 7]","['Chocolate cyst', 'Serous cystadenoma', 'Clear cell carcinoma', 'Dermoid cyst', 'Simple cyst', 'Normal ovary']",6,False,True,True
data/raw/OTU_2d/images/48.JPG,2,Teratoma,1,Serous cystadenoma,0.7741822600364685,"[1, 2, 3, 4, 5, 6, 7]","['Serous cystadenoma', 'Teratoma', 'Theca cell tumour', 'Clear cell carcinoma', 'Dermoid cyst', 'Simple cyst', 'Normal ovary']",7,False,True,False
data/raw/OTU_2d/images/70.JPG,2,Teratoma,2,Teratoma,0.5850586891174316,"[1, 2, 3, 4, 5, 6, 7]","['Serous cystadenoma', 'Teratoma', 'Theca cell tumour', 'Clear cell carcinoma', 'Dermoid cyst', 'Simple cyst', 'Normal ovary']",7,False,True,True
data/raw/OTU_2d/images/253.JPG,1,Serous cystadenoma,1,Serous cystadenoma,0.9622858166694641,"[1, 3]","['Serous cystadenoma', 'Theca cell tumour']",2,False,True,True
data/raw/OTU_2d/images/452.JPG,6,Simple cyst,6,Simple cyst,0.7231414318084717,"[1, 2, 3, 4, 6, 7]","['Serous cystadenoma', 'Teratoma', 'Theca cell tumour', 'Clear cell carcinoma', 'Simple cyst', 'Normal ovary']",6,False,True,True
data/raw/OTU_2d/images/679.JPG,0,Chocolate cyst,3,Theca cell tumour,0.536551296710968,"[0, 3, 4, 6, 7]","['Chocolate cyst', 'Theca cell tumour', 'Clear cell carcinoma', 'Simple cyst', 'Normal ovary']",5,False,True,False
data/raw/OTU_2d/images/186.JPG,5,Dermoid cyst,5,Dermoid cyst,0.5855020880699158,"[0, 1, 3, 4, 5, 6, 7]","['Chocolate cyst', 'Serous cystadenoma', 'Theca cell tumour', 'Clear cell carcinoma', 'Dermoid cyst', 'Simple cyst', 'Normal ovary']",7,False,True,True
data/raw/OTU_2d/images/129.JPG,5,Dermoid cyst,5,Dermoid cyst,0.7236824631690979,"[2, 3, 4, 5, 6]","['Teratoma', 'Theca cell tumour', 'Clear cell carcinoma', 'Dermoid cyst', 'Simple cyst']",5,False,True,True
data/raw/OTU_2d/images/39.JPG,0,Chocolate cyst,0,Chocolate cyst,0.8999992609024048,"[0, 3, 4]","['Chocolate cyst', 'Theca cell tumour', 'Clear cell carcinoma']",3,False,True,True
data/raw/OTU_2d/images/512.JPG,2,Teratoma,2,Teratoma,0.3760680556297302,"[0, 1, 2, 3, 4, 5, 7]","['Chocolate cyst', 'Serous cystadenoma', 'Teratoma', 'Theca cell tumour', 'Clear cell carcinoma', 'Dermoid cyst', 'Normal ovary']",7,False,True,True
data/raw/OTU_2d/images/228.JPG,6,Simple cyst,6,Simple cyst,0.8433101773262024,"[1, 4, 6, 7]","['Serous cystadenoma', 'Clear cell carcinoma', 'Simple cyst', 'Normal ovary']",4,False,True,True
data/raw/OTU_2d/images/652.JPG,5,Dermoid cyst,5,Dermoid cyst,0.716934323310852,"[0, 1, 3, 4, 5, 6, 7]","['Chocolate cyst', 'Serous cystadenoma', 'Theca cell tumour', 'Clear cell carcinoma', 'Dermoid cyst', 'Simple cyst', 'Normal ovary']",7,False,True,True
data/raw/OTU_2d/images/1095.JPG,2,Teratoma,2,Teratoma,0.8867893815040588,"[2, 3, 4, 7]","['Teratoma', 'Theca cell tumour', 'Clear cell carcinoma', 'Normal ovary']",4,False,True,True
data/raw/OTU_2d/images/1444.JPG,7,Normal ovary,7,Normal ovary,0.40378308296203613,"[0, 1, 3, 4, 5, 6, 7]","['Chocolate cyst', 'Serous cystadenoma', 'Theca cell tumour', 'Clear cell carcinoma', 'Dermoid cyst', 'Simple cyst', 'Normal ovary']",7,False,True,True
data/raw/OTU_2d/images/776.JPG,2,Teratoma,3,Theca cell tumour,0.3833938241004944,"[1, 3, 4, 5, 6, 7]","['Serous cystadenoma', 'Theca cell tumour', 'Clear cell carcinoma', 'Dermoid cyst', 'Simple cyst', 'Normal ovary']",6,False,False,False
data/raw/OTU_2d/images/971.JPG,2,Teratoma,2,Teratoma,0.7447831034660339,"[1, 2, 3, 4, 5, 6, 7]","['Serous cystadenoma', 'Teratoma', 'Theca cell tumour', 'Clear cell carcinoma', 'Dermoid cyst', 'Simple cyst', 'Normal ovary']",7,False,True,True
data/raw/OTU_2d/images/1039.JPG,5,Dermoid cyst,0,Chocolate cyst,0.7196003794670105,"[0, 1, 3, 4, 5, 6, 7]","['Chocolate cyst', 'Serous cystadenoma', 'Theca cell tumour', 'Clear cell carcinoma', 'Dermoid cyst', 'Simple cyst', 'Normal ovary']",7,False,True,False
data/raw/OTU_2d/images/477.JPG,3,Theca cell tumour,3,Theca cell tumour,0.9945587515830994,[3],['Theca cell tumour'],1,True,True,True
data/raw/OTU_2d/images/626.JPG,3,Theca cell tumour,1,Serous cystadenoma,0.9022361040115356,"[1, 3, 6]","['Serous cystadenoma', 'Theca cell tumour', 'Simple cyst']",3,False,True,False
data/raw/OTU_2d/images/181.JPG,2,Teratoma,4,Clear cell carcinoma,0.40380656719207764,"[1, 2, 3, 4, 6, 7]","['Serous cystadenoma', 'Teratoma', 'Theca cell tumour', 'Clear cell carcinoma', 'Simple cyst', 'Normal ovary']",6,False,True,False
data/raw/OTU_2d/images/1374.JPG,4,Clear cell carcinoma,4,Clear cell carcinoma,0.7098393440246582,"[1, 2, 3, 4, 6, 7]","['Serous cystadenoma', 'Teratoma', 'Theca cell tumour', 'Clear cell carcinoma', 'Simple cyst', 'Normal ovary']",6,False,True,True
data/raw/OTU_2d/images/255.JPG,1,Serous cystadenoma,1,Serous cystadenoma,0.9270805716514587,"[1, 3, 4, 6, 7]","['Serous cystadenoma', 'Theca cell tumour', 'Clear cell carcinoma', 'Simple cyst', 'Normal ovary']",5,False,True,True
data/raw/OTU_2d/images/403.JPG,1,Serous cystadenoma,1,Serous cystadenoma,0.8814679384231567,"[1, 3, 4]","['Serous cystadenoma', 'Theca cell tumour', 'Clear cell carcinoma']",3,False,True,True
data/raw/OTU_2d/images/770.JPG,1,Serous cystadenoma,4,Clear cell carcinoma,0.33740296959877014,"[1, 3, 4, 5, 6, 7]","['Serous cystadenoma', 'Theca cell tumour', 'Clear cell carcinoma', 'Dermoid cyst', 'Simple cyst', 'Normal ovary']",6,False,True,False
data/raw/OTU_2d/images/930.JPG,5,Dermoid cyst,5,Dermoid cyst,0.7647815346717834,"[1, 3, 4, 5, 6, 7]","['Serous cystadenoma', 'Theca cell tumour', 'Clear cell carcinoma', 'Dermoid cyst', 'Simple cyst', 'Normal ovary']",6,False,True,True
data/raw/OTU_2d/images/288.JPG,2,Teratoma,2,Teratoma,0.2769535481929779,"[0, 1, 2, 3, 4, 6, 7]","['Chocolate cyst', 'Serous cystadenoma', 'Teratoma', 'Theca cell tumour', 'Clear cell carcinoma', 'Simple cyst', 'Normal ovary']",7,False,True,True
data/raw/OTU_2d/images/685.JPG,5,Dermoid cyst,5,Dermoid cyst,0.9775288105010986,[5],['Dermoid cyst'],1,True,True,True
data/raw/OTU_2d/images/464.JPG,2,Teratoma,2,Teratoma,0.7699276804924011,"[1, 2, 3, 4, 5, 6, 7]","['Serous cystadenoma', 'Teratoma', 'Theca cell tumour', 'Clear cell carcinoma', 'Dermoid cyst', 'Simple cyst', 'Normal ovary']",7,False,True,True
data/raw/OTU_2d/images/316.JPG,1,Serous cystadenoma,1,Serous cystadenoma,0.8796383738517761,"[1, 3, 4, 7]","['Serous cystadenoma', 'Theca cell tumour', 'Clear cell carcinoma', 'Normal ovary']",4,False,True,True
data/raw/OTU_2d/images/1252.JPG,0,Chocolate cyst,0,Chocolate cyst,0.9207875728607178,"[0, 1, 2, 3, 4, 6, 7]","['Chocolate cyst', 'Serous cystadenoma', 'Teratoma', 'Theca cell tumour', 'Clear cell carcinoma', 'Simple cyst', 'Normal ovary']",7,False,True,True
data/raw/OTU_2d/images/1306.JPG,1,Serous cystadenoma,1,Serous cystadenoma,0.7744187116622925,"[0, 1, 2, 3, 4, 6, 7]","['Chocolate cyst', 'Serous cystadenoma', 'Teratoma', 'Theca cell tumour', 'Clear cell carcinoma', 'Simple cyst', 'Normal ovary']",7,False,True,True
data/raw/OTU_2d/images/1140.JPG,0,Chocolate cyst,0,Chocolate cyst,0.7363132238388062,"[0, 1, 3, 4, 6, 7]","['Chocolate cyst', 'Serous cystadenoma', 'Theca cell tumour', 'Clear cell carcinoma', 'Simple cyst', 'Normal ovary']",6,False,True,True
data/raw/OTU_2d/images/47.JPG,2,Teratoma,0,Chocolate cyst,0.5812739729881287,"[0, 1, 2, 3, 4, 6, 7]","['Chocolate cyst', 'Serous cystadenoma', 'Teratoma', 'Theca cell tumour', 'Clear cell carcinoma', 'Simple cyst', 'Normal ovary']",7,False,True,False
data/raw/OTU_2d/images/1176.JPG,6,Simple cyst,6,Simple cyst,0.42066454887390137,"[1, 3, 4, 6, 7]","['Serous cystadenoma', 'Theca cell tumour', 'Clear cell carcinoma', 'Simple cyst', 'Normal ovary']",5,False,True,True
data/raw/OTU_2d/images/102.JPG,1,Serous cystadenoma,1,Serous cystadenoma,0.9875548481941223,"[1, 3]","['Serous cystadenoma', 'Theca cell tumour']",2,False,True,True
data/raw/OTU_2d/images/672.JPG,5,Dermoid cyst,5,Dermoid cyst,0.4643079340457916,"[2, 3, 4, 5, 6, 7]","['Teratoma', 'Theca cell tumour', 'Clear cell carcinoma', 'Dermoid cyst', 'Simple cyst', 'Normal ovary']",6,False,True,True
data/raw/OTU_2d/images/1076.JPG,2,Teratoma,2,Teratoma,0.784727931022644,"[2, 4, 7]","['Teratoma', 'Clear cell carcinoma', 'Normal ovary']",3,False,True,True
data/raw/OTU_2d/images/1469.JPG,7,Normal ovary,7,Normal ovary,0.9175153374671936,"[1, 2, 4, 6, 7]","['Serous cystadenoma', 'Teratoma', 'Clear cell carcinoma', 'Simple cyst', 'Normal ovary']",5,False,True,True
data/raw/OTU_2d/images/168.JPG,2,Teratoma,2,Teratoma,0.875910222530365,"[1, 2, 3, 4, 7]","['Serous cystadenoma', 'Teratoma', 'Theca cell tumour', 'Clear cell carcinoma', 'Normal ovary']",5,False,True,True
data/raw/OTU_2d/images/377.JPG,0,Chocolate cyst,5,Dermoid cyst,0.7467563152313232,"[0, 1, 3, 4, 5, 6, 7]","['Chocolate cyst', 'Serous cystadenoma', 'Theca cell tumour', 'Clear cell carcinoma', 'Dermoid cyst', 'Simple cyst', 'Normal ovary']",7,False,True,False
data/raw/OTU_2d/images/299.JPG,6,Simple cyst,6,Simple cyst,0.8872408866882324,"[3, 4, 6]","['Theca cell tumour', 'Clear cell carcinoma', 'Simple cyst']",3,False,True,True
data/raw/OTU_2d/images/870.JPG,2,Teratoma,2,Teratoma,0.7066096067428589,"[1, 2, 3, 4, 5, 6, 7]","['Serous cystadenoma', 'Teratoma', 'Theca cell tumour', 'Clear cell carcinoma', 'Dermoid cyst', 'Simple cyst', 'Normal ovary']",7,False,True,True
data/raw/OTU_2d/images/718.JPG,0,Chocolate cyst,2,Teratoma,0.9444829821586609,"[2, 3, 4, 7]","['Teratoma', 'Theca cell tumour', 'Clear cell carcinoma', 'Normal ovary']",4,False,False,False
data/raw/OTU_2d/images/1365.JPG,0,Chocolate cyst,0,Chocolate cyst,0.8336032629013062,"[0, 3, 4, 6, 7]","['Chocolate cyst', 'Theca cell tumour', 'Clear cell carcinoma', 'Simple cyst', 'Normal ovary']",5,False,True,True
data/raw/OTU_2d/images/1066.JPG,5,Dermoid cyst,5,Dermoid cyst,0.9401867985725403,"[3, 5, 7]","['Theca cell tumour', 'Dermoid cyst', 'Normal ovary']",3,False,True,True
data/raw/OTU_2d/images/554.JPG,2,Teratoma,2,Teratoma,0.9704852104187012,[2],['Teratoma'],1,True,True,True
data/raw/OTU_2d/images/1382.JPG,5,Dermoid cyst,5,Dermoid cyst,0.4802439212799072,"[2, 3, 4, 5, 6, 7]","['Teratoma', 'Theca cell tumour', 'Clear cell carcinoma', 'Dermoid cyst', 'Simple cyst', 'Normal ovary']",6,False,True,True
data/raw/OTU_2d/images/1002.JPG,5,Dermoid cyst,4,Clear cell carcinoma,0.7869188189506531,"[1, 4, 6, 7]","['Serous cystadenoma', 'Clear cell carcinoma', 'Simple cyst', 'Normal ovary']",4,False,False,False
data/raw/OTU_2d/images/301.JPG,1,Serous cystadenoma,5,Dermoid cyst,0.3769877254962921,"[1, 3, 4, 5, 6, 7]","['Serous cystadenoma', 'Theca cell tumour', 'Clear cell carcinoma', 'Dermoid cyst', 'Simple cyst', 'Normal ovary']",6,False,True,False
data/raw/OTU_2d/images/863.JPG,0,Chocolate cyst,0,Chocolate cyst,0.5836044549942017,"[0, 2, 3, 4, 6, 7]","['Chocolate cyst', 'Teratoma', 'Theca cell tumour', 'Clear cell carcinoma', 'Simple cyst', 'Normal ovary']",6,False,True,True
data/raw/OTU_2d/images/504.JPG,2,Teratoma,2,Teratoma,0.8934822082519531,"[2, 3, 4, 7]","['Teratoma', 'Theca cell tumour', 'Clear cell carcinoma', 'Normal ovary']",4,False,True,True
data/raw/OTU_2d/images/163.JPG,0,Chocolate cyst,2,Teratoma,0.33245813846588135,"[0, 1, 2, 3, 5, 6, 7]","['Chocolate cyst', 'Serous cystadenoma', 'Teratoma', 'Theca cell tumour', 'Dermoid cyst', 'Simple cyst', 'Normal ovary']",7,False,True,False
data/raw/OTU_2d/images/1062.JPG,0,Chocolate cyst,0,Chocolate cyst,0.8027737140655518,"[0, 1, 3, 4, 6, 7]","['Chocolate cyst', 'Serous cystadenoma', 'Theca cell tumour', 'Clear cell carcinoma', 'Simple cyst', 'Normal ovary']",6,False,True,True
data/raw/OTU_2d/images/627.JPG,3,Theca cell tumour,7,Normal ovary,0.29027706384658813,"[0, 3, 4, 5, 6, 7]","['Chocolate cyst', 'Theca cell tumour', 'Clear cell carcinoma', 'Dermoid cyst', 'Simple cyst', 'Normal ovary']",6,False,True,False
data/raw/OTU_2d/images/1224.JPG,2,Teratoma,2,Teratoma,0.5928412079811096,"[1, 2, 3, 4]","['Serous cystadenoma', 'Teratoma', 'Theca cell tumour', 'Clear cell carcinoma']",4,False,True,True
data/raw/OTU_2d/images/344.JPG,1,Serous cystadenoma,1,Serous cystadenoma,0.533700168132782,"[1, 3, 4, 5, 6]","['Serous cystadenoma', 'Theca cell tumour', 'Clear cell carcinoma', 'Dermoid cyst', 'Simple cyst']",5,False,True,True
data/raw/OTU_2d/images/1132.JPG,4,Clear cell carcinoma,6,Simple cyst,0.43151605129241943,"[0, 3, 4, 5, 6, 7]","['Chocolate cyst', 'Theca cell tumour', 'Clear cell carcinoma', 'Dermoid cyst', 'Simple cyst', 'Normal ovary']",6,False,True,False
data/raw/OTU_2d/images/649.JPG,5,Dermoid cyst,0,Chocolate cyst,0.6478851437568665,"[0, 1, 3, 4, 5, 6, 7]","['Chocolate cyst', 'Serous cystadenoma', 'Theca cell tumour', 'Clear cell carcinoma', 'Dermoid cyst', 'Simple cyst', 'Normal ovary']",7,False,True,False
data/raw/OTU_2d/images/923.JPG,5,Dermoid cyst,5,Dermoid cyst,0.8658262491226196,"[2, 3, 4, 5, 6, 7]","['Teratoma', 'Theca cell tumour', 'Clear cell carcinoma', 'Dermoid cyst', 'Simple cyst', 'Normal ovary']",6,False,True,True
data/raw/OTU_2d/images/882.JPG,0,Chocolate cyst,3,Theca cell tumour,0.9165387153625488,"[1, 3, 6]","['Serous cystadenoma', 'Theca cell tumour', 'Simple cyst']",3,False,False,False
data/raw/OTU_2d/images/906.JPG,0,Chocolate cyst,0,Chocolate cyst,0.9348654747009277,"[0, 3, 4, 6, 7]","['Chocolate cyst', 'Theca cell tumour', 'Clear cell carcinoma', 'Simple cyst', 'Normal ovary']",5,False,True,True
data/raw/OTU_2d/images/1078.JPG,5,Dermoid cyst,5,Dermoid cyst,0.8725625872612,"[3, 4, 5, 6, 7]","['Theca cell tumour', 'Clear cell carcinoma', 'Dermoid cyst', 'Simple cyst', 'Normal ovary']",5,False,True,True
data/raw/OTU_2d/images/137.JPG,1,Serous cystadenoma,1,Serous cystadenoma,0.488524854183197,"[1, 2, 3, 4, 5, 6, 7]","['Serous cystadenoma', 'Teratoma', 'Theca cell tumour', 'Clear cell carcinoma', 'Dermoid cyst', 'Simple cyst', 'Normal ovary']",7,False,True,True
data/raw/OTU_2d/images/856.JPG,2,Teratoma,2,Teratoma,0.8924641609191895,"[2, 3, 4, 6, 7]","['Teratoma', 'Theca cell tumour', 'Clear cell carcinoma', 'Simple cyst', 'Normal ovary']",5,False,True,True
data/raw/OTU_2d/images/441.JPG,2,Teratoma,2,Teratoma,0.7613591551780701,"[2, 3, 4, 6, 7]","['Teratoma', 'Theca cell tumour', 'Clear cell carcinoma', 'Simple cyst', 'Normal ovary']",5,False,True,True
data/raw/OTU_2d/images/793.JPG,6,Simple cyst,0,Chocolate cyst,0.8088281154632568,"[0, 1, 2, 4, 5, 6, 7]","['Chocolate cyst', 'Serous cystadenoma', 'Teratoma', 'Clear cell carcinoma', 'Dermoid cyst', 'Simple cyst', 'Normal ovary']",7,False,True,False
data/raw/OTU_2d/images/1359.JPG,5,Dermoid cyst,5,Dermoid cyst,0.9780789017677307,[5],['Dermoid cyst'],1,True,True,True
data/raw/OTU_2d/images/1025.JPG,0,Chocolate cyst,2,Teratoma,0.6955915689468384,"[0, 1, 2, 3, 4, 6, 7]","['Chocolate cyst', 'Serous cystadenoma', 'Teratoma', 'Theca cell tumour', 'Clear cell carcinoma', 'Simple cyst', 'Normal ovary']",7,False,True,False
data/raw/OTU_2d/images/844.JPG,0,Chocolate cyst,0,Chocolate cyst,0.9079570770263672,"[0, 1, 3, 4, 7]","['Chocolate cyst', 'Serous cystadenoma', 'Theca cell tumour', 'Clear cell carcinoma', 'Normal ovary']",5,False,True,True
data/raw/OTU_2d/images/370.JPG,3,Theca cell tumour,3,Theca cell tumour,0.9860316514968872,"[3, 4]","['Theca cell tumour', 'Clear cell carcinoma']",2,False,True,True
data/raw/OTU_2d/images/12.JPG,0,Chocolate cyst,0,Chocolate cyst,0.7800456881523132,"[0, 1, 2, 4, 7]","['Chocolate cyst', 'Serous cystadenoma', 'Teratoma', 'Clear cell carcinoma', 'Normal ovary']",5,False,True,True
data/raw/OTU_2d/images/743.JPG,2,Teratoma,5,Dermoid cyst,0.5843437910079956,"[2, 3, 4, 5, 6, 7]","['Teratoma', 'Theca cell tumour', 'Clear cell carcinoma', 'Dermoid cyst', 'Simple cyst', 'Normal ovary']",6,False,True,False
data/raw/OTU_2d/images/532.JPG,2,Teratoma,5,Dermoid cyst,0.762911319732666,"[4, 5, 6, 7]","['Clear cell carcinoma', 'Dermoid cyst', 'Simple cyst', 'Normal ovary']",4,False,False,False
data/raw/OTU_2d/images/957.JPG,5,Dermoid cyst,4,Clear cell carcinoma,0.4851531684398651,"[0, 2, 3, 4, 5, 6, 7]","['Chocolate cyst', 'Teratoma', 'Theca cell tumour', 'Clear cell carcinoma', 'Dermoid cyst', 'Simple cyst', 'Normal ovary']",7,False,True,False
